,home_team,away_team,date,neutral_venue,home_pred_goals,away_pred_goals,prob_home_win,prob_away_win,prob_draw
0,Levante,Real Betis,2026-08-29 15:00:00+00:00,False,2.184379584643329,0.7618523560000564,0.6995818285045744,0.11659995355202336,0.1838182179434022
1,Real Sociedad,Espanyol,2026-08-29 17:00:00+00:00,False,0.5823452476269566,1.7508644346045656,0.11813069262112974,0.6577484406652948,0.22412086671357587
2,Sevilla,Atlético Madrid,2026-08-29 19:30:00+00:00,False,2.2192165657092904,1.4906500395723936,0.5414728336121909,0.2556391251028234,0.20288804128498553
3,Real Madrid,Málaga,2026-08-30 15:00:00+00:00,False,16.265891228614766,0.10695160029333103,0.9999996976307289,1.871048017294059e-08,2.8365879085296815e-07
4,Deportivo La Coruña,Valencia,2026-08-30 17:30:00+00:00,False,0.3407326035167518,0.990398546792557,0.12527953128878577,0.5135831262479214,0.3611373424632928
5,Celta Vigo,Athletic Club,2026-08-30 19:30:00+00:00,False,0.3824447320634832,0.28276261405922243,0.2518731795252981,0.1768359387700416,0.5712908817046605
6,Osasuna,Getafe,2026-08-31 17:30:00+00:00,False,2.7259736301879167,0.7067988104439218,0.7968738497700077,0.07137517410161713,0.13175097612837516
7,Barcelona,Rayo Vallecano,2026-08-31 19:30:00+00:00,False,7.565421988289909,0.48128447599064517,0.9961193369272868,0.0007908750578664637,0.0030897880148466807
8,Real Sociedad,Celta Vigo,2026-09-03 19:00:00+00:00,False,1.0743871706798758,0.18411998910960176,0.5937692646636958,0.06311684341511194,0.34311389192119235
9,Real Betis,Real Madrid,2026-09-04 19:00:00+00:00,False,0.7110709998936999,7.151091431908931,0.0023814965456068204,0.9908282627295588,0.006790240724834431
10,Athletic Club,Atlético Madrid,2026-09-05 14:15:00+00:00,False,0.7197366573232132,0.3883532892773694,0.3927460005819309,0.17812013029641355,0.42913386912165546
11,Rayo Vallecano,Racing Santander,2026-09-05 16:30:00+00:00,False,0.576587145355915,2.401227952468178,0.07066408515412637,0.779464206380931,0.14987170846494277
12,Villarreal,Deportivo La Coruña,2026-09-05 19:00:00+00:00,False,5.020810011842716,0.28503230035464017,0.9819078770584807,0.003044631098190139,0.015047491843329167
13,Valencia,Barcelona,2026-09-06 14:15:00+00:00,False,0.5734865850000993,2.4406925823864767,0.06807544506513763,0.7860051261824835,0.14591942875237884
14,Alavés,Osasuna,2026-09-06 16:30:00+00:00,False,1.6557941684841209,1.2387236422614896,0.47150367745727784,0.2863979624348561,0.24209836010786556
15,Málaga,Levante,2026-09-06 16:30:00+00:00,False,0.21497535295420414,2.6484398048510567,0.01781208430658543,0.8876911743393044,0.09449674135411029
16,Espanyol,Sevilla,2026-09-06 19:00:00+00:00,False,13.959471347949977,0.4725717680894662,0.9999802274192421,3.152074211165493e-06,1.66205065467995e-05
17,Getafe,Celta Vigo,2026-09-07 17:00:00+00:00,False,0.9318558379325873,0.3424345052455125,0.4914801590456055,0.13228513062103064,0.3762347103333638
18,Elche,Real Sociedad,2026-09-07 19:30:00+00:00,False,0.7931264829481629,1.0527650266556865,0.2700310657997299,0.410045192741413,0.3199237414588572
19,Athletic Club,Elche,2026-09-13 15:00:00+00:00,False,0.5197998605053953,0.8781458610166247,0.20622751334017597,0.4203321094905834,0.3734403771692408
20,Celta Vigo,Málaga,2026-09-13 15:00:00+00:00,False,1.1357501414962938,0.32960091958011933,0.5669572508425623,0.10713629552358911,0.32590645363384885
21,Getafe,Deportivo La Coruña,2026-09-13 15:00:00+00:00,False,2.0095382548574383,0.3691739430852245,0.7671075594334659,0.05762178413580417,0.17527065643072998
22,Levante,Barcelona,2026-09-13 15:00:00+00:00,False,1.158393253389204,1.4629156780682722,0.29965608500967045,0.4412797238510275,0.25906419113930185
23,Osasuna,Espanyol,2026-09-13 15:00:00+00:00,False,1.253227686367543,2.869370016897711,0.13974008701977303,0.7070351177141173,0.15322479526610996
24,Racing Santander,Alavés,2026-09-13 15:00:00+00:00,False,1.3423646589742522,0.9278891945582319,0.46314111349698883,0.2588650878924812,0.27799379861053
25,Real Madrid,Rayo Vallecano,2026-09-13 15:00:00+00:00,False,10.243621990059733,0.17130170164806333,0.9998773275538176,1.1971119054987893e-05,0.00011070132712741977
26,Real Sociedad,Atlético Madrid,2026-09-13 15:00:00+00:00,False,1.996598224970341,0.2560831557019129,0.7950230026669856,0.03884118897643262,0.16613580835658182
27,Sevilla,Valencia,2026-09-13 15:00:00+00:00,False,0.9487288208516649,1.6946965369571911,0.2102469944102543,0.5492414218484242,0.24051158374132167
28,Villarreal,Real Betis,2026-09-13 15:00:00+00:00,False,4.0025556470860675,1.4563533386040555,0.8130726904166137,0.08735751248299214,0.09956979710039425
29,Alavés,Valencia,2026-09-16 15:00:00+00:00,False,1.2662217720560385,0.3370143412080482,0.6052138141595769,0.09805607404329213,0.2967301117971313
30,Atlético Madrid,Osasuna,2026-09-16 15:00:00+00:00,False,0.5748265454103049,3.1370277329186065,0.039588214467672356,0.8675988413621842,0.09281294417014349
31,Barcelona,Racing Santander,2026-09-16 15:00:00+00:00,False,3.35538962426417,1.2175921952576365,0.7801795805813994,0.09873460267856037,0.12108581674004025
32,Deportivo La Coruña,Sevilla,2026-09-16 15:00:00+00:00,False,1.5825990902703655,1.8801634193714207,0.3279936908405445,0.45026868022573796,0.22173762893371743
33,Elche,Real Madrid,2026-09-16 15:00:00+00:00,False,0.40598175033260303,5.582819611119874,0.0031657901334122274,0.9844901882316,0.012344021634987646
34,Levante,Athletic Club,2026-09-16 15:00:00+00:00,False,1.2215120562089918,0.1346481764796623,0.6579972799163853,0.04020337122571728,0.3017993488578974
35,Málaga,Villarreal,2026-09-16 15:00:00+00:00,False,0.4109458617890226,4.852878030630834,0.005998693563840418,0.9720643042250524,0.02193700221110711
36,Rayo Vallecano,Espanyol,2026-09-16 15:00:00+00:00,False,0.3919261977022602,4.965789344877399,0.0050751834736361134,0.9754897017605731,0.019435114765790854
37,Real Betis,Getafe,2026-09-16 15:00:00+00:00,False,2.5836012490843796,1.1696019968437155,0.6781020379382747,0.15229465242363277,0.16960330963809242
38,Athletic Club,Alavés,2026-09-20 15:00:00+00:00,False,0.28420367606984515,1.118655909041405,0.09371612432487109,0.5757778842715388,0.33050599140359016
39,Atlético Madrid,Real Madrid,2026-09-20 15:00:00+00:00,False,0.17954232335129722,7.730205855459617,0.00013325050700463414,0.9987834669504675,0.0010832825425276108
40,Celta Vigo,Racing Santander,2026-09-20 15:00:00+00:00,False,0.31722563795467285,1.3355581646276593,0.08686185491481968,0.6314721932576206,0.28166595182755944
41,Deportivo La Coruña,Real Betis,2026-09-20 15:00:00+00:00,False,0.7373141265723501,3.4501650734712044,0.0440821702863996,0.8693724989057591,0.08654533080784116
42,Espanyol,Elche,2026-09-20 15:00:00+00:00,False,5.0772889427230945,0.49511444071270544,0.9720347308640032,0.006633035145266882,0.021332233990729935
43,Getafe,Málaga,2026-09-20 15:00:00+00:00,False,2.6603797535772835,0.3885973245298026,0.8539871991448061,0.03537483356432663,0.1106379672908672
44,Osasuna,Rayo Vallecano,2026-09-20 15:00:00+00:00,False,4.157007829960517,0.5484431945809034,0.9386842644917971,0.016448424261317453,0.044867311246885484
45,Sevilla,Barcelona,2026-09-20 15:00:00+00:00,False,1.0887016162426468,11.336273138078386,0.0002609277146703448,0.999045214102217,0.0006938581831129584
46,Valencia,Real Sociedad,2026-09-20 15:00:00+00:00,False,0.39876683073248004,0.6231768639034714,0.1976371903595444,0.34732142041724534,0.45504138922320986
47,Villarreal,Levante,2026-09-20 15:00:00+00:00,False,1.1086762097161347,0.8444416232102483,0.41507240311024496,0.2758044579082223,0.3091231389815329
48,Alavés,Atlético Madrid,2026-10-11 15:00:00+00:00,False,2.9618793807549824,0.29643681337795247,0.8999542148621645,0.019655520187205053,0.08039026495063044
49,Barcelona,Getafe,2026-10-11 15:00:00+00:00,False,4.961054124720762,0.6202489126978018,0.9615010562002939,0.010505018406059993,0.027993925393646098
50,Elche,Celta Vigo,2026-10-11 15:00:00+00:00,False,1.2511449840429945,0.3898149861056009,0.5843472621115575,0.11517444549989427,0.30047829238854834
51,Levante,Sevilla,2026-10-11 15:00:00+00:00,False,4.688635438917593,0.41517054987519686,0.9679427111605858,0.006999218697451778,0.02505807014196243
52,Málaga,Espanyol,2026-10-11 15:00:00+00:00,False,0.24469770958408382,7.885198167832717,0.00018522470316706396,0.9986111078911076,0.0012036674057254392
53,Racing Santander,Valencia,2026-10-11 15:00:00+00:00,False,1.4533052740214565,0.3662206509218979,0.648220899344589,0.09121898963894255,0.2605601110164684
54,Rayo Vallecano,Athletic Club,2026-10-11 15:00:00+00:00,False,0.6951289238116365,0.5083848167565722,0.35113589052367766,0.23291278953781336,0.4159513199385091
55,Real Betis,Osasuna,2026-10-11 15:00:00+00:00,False,2.2765801332011875,2.90201484436421,0.3071440452848829,0.5187340685332485,0.17412188618186844
56,Real Madrid,Villarreal,2026-10-11 15:00:00+00:00,False,5.186297067010461,0.5515734394981785,0.9712306367479153,0.007225264803146585,0.021544098448938075
57,Real Sociedad,Deportivo La Coruña,2026-10-11 15:00:00+00:00,False,2.3169057188065256,0.19849723476805212,0.8554940565193798,0.022002935142128525,0.12250300833849158
58,Celta Vigo,Alavés,2026-10-18 15:00:00+00:00,False,0.2919267089948922,1.1636322086819715,0.092584132692481,0.5879163223436067,0.3194995449639122
59,Deportivo La Coruña,Levante,2026-10-18 15:00:00+00:00,False,0.20423017274313426,2.00051932299475,0.03025895903212872,0.8095905206543728,0.16015052031349858
60,Espanyol,Atlético Madrid,2026-10-18 15:00:00+00:00,False,7.0302269191580535,0.21896057381276443,0.9973547790571233,0.0003399455692975141,0.002305275373579126
61,Getafe,Rayo Vallecano,2026-10-18 15:00:00+00:00,False,1.675403097354585,0.6224066097680513,0.6294630394372571,0.13458597554678475,0.23595098501595818
62,Málaga,Real Sociedad,2026-10-18 15:00:00+00:00,False,0.286183766201244,2.2394117354208607,0.03548991130036305,0.8243971448923407,0.14011294380729652
63,Osasuna,Racing Santander,2026-10-18 15:00:00+00:00,False,1.8437016417886996,1.3874957256607068,0.4828566896541797,0.2902889789941795,0.22685433135164124
64,Real Betis,Barcelona,2026-10-18 15:00:00+00:00,False,1.997805218999426,5.281435063860641,0.07336506983352042,0.8535561851630554,0.07307874500342429
65,Real Madrid,Sevilla,2026-10-18 15:00:00+00:00,False,21.023859978724786,0.2829091041565052,0.9999999848408222,1.5323510569239522e-09,1.3626826792813583e-08
66,Valencia,Athletic Club,2026-10-18 15:00:00+00:00,False,0.6047348563211795,0.22464371015541204,0.38511593600457306,0.1172459106897987,0.49763815330562833
67,Villarreal,Elche,2026-10-18 15:00:00+00:00,False,3.1247742213786402,0.8314962607075702,0.8214228266061414,0.06642793087788641,0.11214924251597216
68,Alavés,Málaga,2026-10-25 16:00:00+00:00,False,4.550220106417361,0.24186573706140135,0.9760303373857291,0.0037043931956658193,0.02026526941860514
69,Athletic Club,Getafe,2026-10-25 16:00:00+00:00,False,0.4566202285784671,0.6540451806795238,0.21819014479742094,0.34652080814503294,0.4352890470575461
70,Atlético Madrid,Deportivo La Coruña,2026-10-25 16:00:00+00:00,False,1.1932062405716053,0.5819015521808611,0.5101724214488936,0.18062740977948852,0.3092001687716178
71,Barcelona,Real Madrid,2026-10-25 16:00:00+00:00,False,1.365404865879419,3.7922786530918993,0.08951598018750018,0.8052519649776801,0.10523205483481966
72,Celta Vigo,Real Betis,2026-10-25 16:00:00+00:00,False,0.6839101265742473,1.5998981147902256,0.15765025347575823,0.594490398659566,0.24785934786467567
73,Racing Santander,Espanyol,2026-10-25 16:00:00+00:00,False,0.9915264323808131,2.202409603836192,0.15825455234742392,0.6486551839979819,0.19309026365459409
74,Rayo Vallecano,Elche,2026-10-25 16:00:00+00:00,False,0.9704585156877028,1.6423149832692234,0.22295587447257403,0.5311469029716772,0.2458972225557483
75,Real Sociedad,Levante,2026-10-25 16:00:00+00:00,False,0.5116103267275997,0.5880713411137121,0.2545428948206887,0.30450758143073287,0.44094952374857815
76,Sevilla,Osasuna,2026-10-25 16:00:00+00:00,False,1.2406196795117819,6.228995060752069,0.015068438711075438,0.9592368333491454,0.02569472793977886
77,Valencia,Villarreal,2026-10-25 16:00:00+00:00,False,0.5726096245200786,1.3504445226398836,0.1576535253915895,0.5593441705019948,0.2830023041064156
78,Athletic Club,Real Sociedad,2026-11-01 16:00:00+00:00,False,0.24551530358429902,0.7540841861613324,0.11178633244189984,0.44883136462872725,0.43938230292937297
79,Barcelona,Alavés,2026-11-01 16:00:00+00:00,False,3.087795351985415,1.0608519591032355,0.7749630166728296,0.09617435556821592,0.12886262775895438
80,Deportivo La Coruña,Osasuna,2026-11-01 16:00:00+00:00,False,0.4455641739593157,3.6402904718408013,0.018628233611518996,0.9240361447390155,0.05733562164946571
81,Elche,Valencia,2026-11-01 16:00:00+00:00,False,0.9939851917583625,0.6163889572815003,0.4358030769291005,0.22188447363033145,0.34231244944056793
82,Getafe,Sevilla,2026-11-01 16:00:00+00:00,False,3.4385728173965164,1.0279202990775291,0.8217959649979453,0.07254349665363327,0.1056605383484215
83,Levante,Atlético Madrid,2026-11-01 16:00:00+00:00,False,2.36127645920041,0.19236439408632622,0.8622329827013673,0.020410115053983238,0.11735690224464938
84,Racing Santander,Real Madrid,2026-11-01 16:00:00+00:00,False,0.5935857232149457,3.3169702471326534,0.0359143481704145,0.8803962864562643,0.08368936537332107
85,Rayo Vallecano,Celta Vigo,2026-11-01 16:00:00+00:00,False,0.723077041292165,0.5221998128632379,0.35920015874194566,0.23354370935827282,0.4072561318997815
86,Real Betis,Málaga,2026-11-01 16:00:00+00:00,False,6.256176578666153,0.5666299853725644,0.9867711274349399,0.0031683568153274494,0.01006051574973266
87,Villarreal,Espanyol,2026-11-01 16:00:00+00:00,False,1.2619610827930312,2.5141555144968084,0.1753905070294567,0.6464288075593533,0.17818068541119025
88,Atlético Madrid,Barcelona,2026-11-08 16:00:00+00:00,False,0.5044370965432788,5.709139736867678,0.004057078288902338,0.9824266037331861,0.013516317977911408
89,Celta Vigo,Levante,2026-11-08 16:00:00+00:00,False,0.18943768776052544,0.9276736113500142,0.07422650230201444,0.5384684109808316,0.3873050867171537
90,Elche,Real Betis,2026-11-08 16:00:00+00:00,False,2.150892858279515,2.1472604730420723,0.40114293991088246,0.3997877970377606,0.19906926305135667
91,Espanyol,Deportivo La Coruña,2026-11-08 16:00:00+00:00,False,8.158062423273384,0.16972248059787182,0.999205856136175,8.246841831090848e-05,0.0007116754455141397
92,Málaga,Racing Santander,2026-11-08 16:00:00+00:00,False,0.35999010699305434,3.812920149519201,0.012053921409409862,0.942926080760091,0.04501999783049918
93,Osasuna,Athletic Club,2026-11-08 16:00:00+00:00,False,2.222752186567071,0.2937587660161529,0.8201934768670261,0.03708930759964739,0.14271721553332645
94,Real Sociedad,Rayo Vallecano,2026-11-08 16:00:00+00:00,False,1.9316631610192385,0.33465523029017097,0.7624498583896346,0.05518197039293062,0.18236817121743476
95,Sevilla,Alavés,2026-11-08 16:00:00+00:00,False,0.8763059371122787,4.293833787743418,0.03090362132885416,0.9111883581535319,0.05790802051761361
96,Valencia,Real Madrid,2026-11-08 16:00:00+00:00,False,0.2041188377843361,3.304710860360236,0.009244243720560985,0.9369619599759774,0.05379379630346146
97,Villarreal,Getafe,2026-11-08 16:00:00+00:00,False,2.744970184937567,0.6193004445061496,0.8171087232010654,0.05926183186249419,0.1236294449364404
98,Alavés,Deportivo La Coruña,2026-11-22 16:00:00+00:00,False,3.4370436624966394,0.22977648638268922,0.9404508569731042,0.00945472919522265,0.0500944138316732
99,Athletic Club,Espanyol,2026-11-22 16:00:00+00:00,False,0.2099246692164673,2.6552076820270356,0.017230111200419174,0.8893272265176951,0.0934426622818857
100,Barcelona,Villarreal,2026-11-22 16:00:00+00:00,False,3.8303371509256174,1.5496853285475807,0.7806763685485477,0.10728045863088771,0.11204317282056447
101,Getafe,Atlético Madrid,2026-11-22 16:00:00+00:00,False,1.731723686505952,0.47627478769995774,0.6828038637043776,0.09611801880194656,0.22107811749367584
102,Levante,Elche,2026-11-22 16:00:00+00:00,False,1.7053336961769623,0.4349750630108079,0.6886218795471546,0.08893618163345177,0.22244193881939375
103,Osasuna,Málaga,2026-11-22 16:00:00+00:00,False,6.600930536508736,0.34241853271792944,0.9942641716772813,0.0009995065105954384,0.004736321812123243
104,Racing Santander,Real Sociedad,2026-11-22 16:00:00+00:00,False,1.1596298518246575,0.6254886444268004,0.4876167162270003,0.1989825438583883,0.3134007399146114
105,Rayo Vallecano,Valencia,2026-11-22 16:00:00+00:00,False,0.5744561027790235,0.8257204305023026,0.23563701238710477,0.38623779866093955,0.3781251889519559
106,Real Madrid,Celta Vigo,2026-11-22 16:00:00+00:00,False,5.697481977969359,0.09424645003919432,0.9946856368531668,0.00038883224721182987,0.0049255308996213245
107,Sevilla,Real Betis,2026-11-22 16:00:00+00:00,False,2.0529622192901478,5.903666580366032,0.05453927733998987,0.8883975041485856,0.05706321851142461
108,Celta Vigo,Villarreal,2026-11-29 16:00:00+00:00,False,0.36212818252077894,1.6998260182732863,0.07324524117210474,0.7083414664985233,0.21841329232937215
109,Deportivo La Coruña,Barcelona,2026-11-29 16:00:00+00:00,False,0.3910033383641164,6.625037696810934,0.0012185996001979893,0.9935428185624431,0.005238581837358601
110,Elche,Atlético Madrid,2026-11-29 16:00:00+00:00,False,2.3250778885790533,0.5421738957544496,0.7758548754791877,0.06960591736249268,0.15453920715831962
111,Espanyol,Getafe,2026-11-29 16:00:00+00:00,False,4.460164408914994,0.3687624439271282,0.965196284047444,0.007155020532293277,0.02764869542026276
112,Levante,Racing Santander,2026-11-29 16:00:00+00:00,False,1.0132050694213777,0.6359768318310101,0.4371390979267741,0.2253608184868335,0.3375000835863924
113,Málaga,Athletic Club,2026-11-29 16:00:00+00:00,False,0.4340012393138771,0.8072664277992779,0.18406428264043984,0.4164374165674398,0.3994983007921201
114,Real Betis,Rayo Vallecano,2026-11-29 16:00:00+00:00,False,3.939895273748179,0.9075570672427795,0.8842513835717545,0.04220413902055367,0.07354447740769182
115,Real Madrid,Alavés,2026-11-29 16:00:00+00:00,False,4.180891484620508,0.37758488972039517,0.9557927443706763,0.009394644438860521,0.03481261119046319
116,Real Sociedad,Sevilla,2026-11-29 16:00:00+00:00,False,3.9645172247411846,0.5526915990431529,0.928962086487154,0.019417033701027417,0.05162087981181863
117,Valencia,Osasuna,2026-11-29 16:00:00+00:00,False,0.6535112400609836,1.3410987769369016,0.18179119753538708,0.5340724671973675,0.2841363352672454
118,Alavés,Espanyol,2026-12-06 16:00:00+00:00,False,0.8638875662891863,2.026766158158097,0.15123688961208737,0.6441582229811648,0.20460488740674768
119,Athletic Club,Real Madrid,2026-12-06 16:00:00+00:00,False,0.12567318684415768,3.9989132202752553,0.002744123793703701,0.9718794354997053,0.025376440706590637
120,Atlético Madrid,Real Betis,2026-12-06 16:00:00+00:00,False,0.9512159123872912,2.9731867834033814,0.08916728931098805,0.780836676342179,0.1299960343468328
121,Barcelona,Celta Vigo,2026-12-06 16:00:00+00:00,False,4.207872515780282,0.26479219344990657,0.9661769412551287,0.00567136726882722,0.0281516914760441
122,Getafe,Valencia,2026-12-06 16:00:00+00:00,False,0.7403225969587092,0.541469299921446,0.3613518841242379,0.2381948209961274,0.40045329487963477
123,Osasuna,Elche,2026-12-06 16:00:00+00:00,False,3.10314923437425,0.948974884759418,0.7975727109997403,0.08126094622747912,0.12116634277278057
124,Racing Santander,Deportivo La Coruña,2026-12-06 16:00:00+00:00,False,3.94486478749895,0.24968935775248696,0.959341544749009,0.006646886473693939,0.0340115687772971
125,Rayo Vallecano,Levante,2026-12-06 16:00:00+00:00,False,0.34432064291182424,1.6678837847258987,0.07127654584717147,0.7064988899915885,0.2222245641612401
126,Sevilla,Málaga,2026-12-06 16:00:00+00:00,False,3.409296105505464,1.216236156411871,0.7868550964242139,0.0952275625527677,0.11791734102301844
127,Villarreal,Real Sociedad,2026-12-06 16:00:00+00:00,False,1.4759140005313744,0.7140250941067623,0.5545823787301529,0.18058087054759744,0.26483675072224944
128,Atlético Madrid,Valencia,2026-12-13 16:00:00+00:00,False,0.4395823471347534,0.8534779661029231,0.179480109927167,0.43306240074499575,0.38745748932783713
129,Deportivo La Coruña,Athletic Club,2026-12-13 16:00:00+00:00,False,0.41230841981540783,0.6097748888456327,0.20601770897613625,0.33781959731321376,0.45616269371065005
130,Elche,Sevilla,2026-12-13 16:00:00+00:00,False,4.616758255544101,1.1701470820391957,0.8984920812998388,0.04037343435210819,0.061134484348053
131,Espanyol,Celta Vigo,2026-12-13 16:00:00+00:00,False,3.783027308372931,0.1574294035675115,0.9627668820672949,0.004374343037899212,0.032858774894805945
132,Levante,Alavés,2026-12-13 16:00:00+00:00,False,0.9324013763836677,0.5541077469287142,0.4309191690376548,0.21008679617875817,0.358994034783587
133,Málaga,Barcelona,2026-12-13 16:00:00+00:00,False,0.4115752317206214,8.770729351719881,0.00020960314238460676,0.9988117307011661,0.000978666156449225
134,Real Betis,Racing Santander,2026-12-13 16:00:00+00:00,False,1.7474086366476842,2.2960108978191873,0.2960949255450662,0.5046638331757632,0.1992412412791702
135,Real Madrid,Osasuna,2026-12-13 16:00:00+00:00,False,5.919047257417873,0.5477562778039001,0.9835803981990653,0.003930208775545978,0.012489393025388717
136,Real Sociedad,Getafe,2026-12-13 16:00:00+00:00,False,1.2666954344884869,0.4312824391205703,0.5763948661976825,0.126033236424583,0.29757189737773443
137,Villarreal,Rayo Vallecano,2026-12-13 16:00:00+00:00,False,4.185976865450097,0.4805485085310206,0.9465350683337771,0.01321097028036544,0.04025396138585746
138,Alavés,Elche,2026-12-20 16:00:00+00:00,False,2.139094171854669,0.6703039935755115,0.7135605217569176,0.10345786704289159,0.18298161120019077
139,Athletic Club,Real Betis,2026-12-20 16:00:00+00:00,False,0.6658170221663241,1.5380594199961997,0.1603150104894958,0.583829710214806,0.25585527929569796
140,Barcelona,Real Sociedad,2026-12-20 16:00:00+00:00,False,2.6674567469795063,0.7151186345616568,0.7872875194815002,0.07568850309813342,0.13702397742036643
141,Celta Vigo,Atlético Madrid,2026-12-20 16:00:00+00:00,False,0.7392949894980033,0.40396728976113394,0.3968065154975886,0.18186446041739035,0.421329024085021
142,Deportivo La Coruña,Real Madrid,2026-12-20 16:00:00+00:00,False,0.13916828934484168,8.970336610577787,2.888448519033915e-05,0.9996728590901279,0.0002982564246817196
143,Getafe,Levante,2026-12-20 16:00:00+00:00,False,0.44373860998919507,1.0937211093547548,0.1492081779735226,0.518196404713339,0.33259541731313874
144,Osasuna,Villarreal,2026-12-20 16:00:00+00:00,False,2.1046732822613685,1.7659293299132133,0.4620429911405951,0.32986616833104887,0.20809084052835622
145,Rayo Vallecano,Málaga,2026-12-20 16:00:00+00:00,False,2.0643316730172194,0.5925963857033859,0.7191734315578294,0.09472662015181511,0.18609994829035545
146,Sevilla,Racing Santander,2026-12-20 16:00:00+00:00,False,0.9522482917065801,4.928245136210519,0.022512449853772987,0.9353278130747116,0.042159737071515505
147,Valencia,Espanyol,2026-12-20 16:00:00+00:00,False,0.340960395600237,2.194269587751316,0.045020302268804824,0.8043942605244242,0.15058543720677103
148,Celta Vigo,Deportivo La Coruña,2027-01-03 16:00:00+00:00,False,0.8578975818123742,0.3131263738707924,0.4717341820967663,0.1291646092577414,0.39910120864549226
149,Espanyol,Barcelona,2027-01-03 16:00:00+00:00,False,3.4488835058752714,1.6651774764812752,0.7142021014317657,0.14963105583460387,0.13616684273363042
150,Levante,Valencia,2027-01-03 16:00:00+00:00,False,1.0094603048017528,0.21869604792381803,0.5593868451491171,0.0794774654854895,0.3611356893653933
151,Málaga,Elche,2027-01-03 16:00:00+00:00,False,0.6059022781007146,2.6078389955138994,0.06404754291967552,0.8022520323529418,0.1337004247273825
152,Racing Santander,Athletic Club,2027-01-03 16:00:00+00:00,False,1.7585930869445705,0.22547706419004787,0.7604575898666709,0.04185957731224291,0.19768283282108617
153,Rayo Vallecano,Atlético Madrid,2027-01-03 16:00:00+00:00,False,1.3437375059562262,0.7263012377507935,0.5150984233763265,0.20206178442888084,0.2828397921947926
154,Real Betis,Alavés,2027-01-03 16:00:00+00:00,False,1.6080517824940055,2.0004461826880187,0.3134905916747891,0.4713795589813574,0.21512984934385396
155,Real Madrid,Getafe,2027-01-03 16:00:00+00:00,False,6.717293920223652,0.2207627702343753,0.9965034926185143,0.0004577960175147508,0.003038711363970863
156,Real Sociedad,Osasuna,2027-01-03 16:00:00+00:00,False,1.1161682407434668,1.070097386819645,0.36547143996705944,0.3422202283315433,0.29230833170139714
157,Villarreal,Sevilla,2027-01-03 16:00:00+00:00,False,8.591237706624014,0.7936380476334443,0.9962398473903112,0.0009680530727985587,0.002792099536890252
158,Alavés,Real Sociedad,2027-01-10 16:00:00+00:00,False,1.01035108875881,0.5756055615759617,0.45240005044004705,0.20529896053274943,0.34230098902720374
159,Athletic Club,Villarreal,2027-01-10 16:00:00+00:00,False,0.35254794271906775,1.634124945576711,0.07522699440089775,0.696472927906489,0.2283000776926132
160,Atlético Madrid,Racing Santander,2027-01-10 16:00:00+00:00,False,0.441213052585113,2.481947973329591,0.047852830958671655,0.8212896945697394,0.1308574744715889
161,Deportivo La Coruña,Rayo Vallecano,2027-01-10 16:00:00+00:00,False,0.7711023027620717,1.1384405393210457,0.2477821255340057,0.44253340964680754,0.30968446481918666
162,Elche,Getafe,2027-01-10 16:00:00+00:00,False,1.4750917382674562,0.9131021505399785,0.5027628574614129,0.23338435393991386,0.2638527885986732
163,Espanyol,Real Betis,2027-01-10 16:00:00+00:00,False,6.503551965625828,0.8671855819404811,0.9804008486291554,0.005879993078347207,0.013719158292497325
164,Osasuna,Barcelona,2027-01-10 16:00:00+00:00,False,2.1078966218855424,3.191608795681903,0.241783665089369,0.5973052002291185,0.1609111346815125
165,Real Madrid,Levante,2027-01-10 16:00:00+00:00,False,2.7130728063598912,0.301019115511479,0.8769713188980827,0.024879307164487514,0.09814937393742985
166,Sevilla,Celta Vigo,2027-01-10 16:00:00+00:00,False,1.1941800695499132,1.0717552597320101,0.38764743801769075,0.3268248056497393,0.28552775633256966
167,Valencia,Málaga,2027-01-10 16:00:00+00:00,False,1.7958874604671298,0.2618548908647659,0.7572211059882916,0.04752214341948252,0.19525675059222578
168,Atlético Madrid,Real Sociedad,2027-01-17 16:00:00+00:00,False,0.35075411971916043,1.457702548236991,0.0868705476139463,0.6540770701611551,0.2590523822248987
169,Barcelona,Elche,2027-01-17 16:00:00+00:00,False,5.647483577365049,0.8327697100676587,0.9663926216547589,0.01036910494369229,0.023238273401548732
170,Celta Vigo,Valencia,2027-01-17 16:00:00+00:00,False,0.3160531849327698,0.4592640450997875,0.18324214587080556,0.2868840356294573,0.529873818499737
171,Getafe,Athletic Club,2027-01-17 16:00:00+00:00,False,0.8958380764131294,0.33337526922086513,0.48049568260797537,0.13287656498517444,0.3866277524068504
172,Levante,Espanyol,2027-01-17 16:00:00+00:00,False,0.6887104812332449,1.315213314857981,0.1954222088573827,0.5170682375993733,0.28750955354324387
173,Málaga,Real Madrid,2027-01-17 16:00:00+00:00,False,0.14649036290817077,11.875614631306048,2.0193479255414815e-06,0.9999759869832574,2.1993668817220127e-05
174,Racing Santander,Osasuna,2027-01-17 16:00:00+00:00,False,1.900436756702243,1.346073810850971,0.5046230365078883,0.27197003515870377,0.22340692833340806
175,Rayo Vallecano,Sevilla,2027-01-17 16:00:00+00:00,False,2.668173506952484,1.567540010115974,0.6108233589190962,0.21236716013475193,0.17680948094615154
176,Real Betis,Deportivo La Coruña,2027-01-17 16:00:00+00:00,False,4.725650970342775,0.5383079418352241,0.9604085623195149,0.010097385556063055,0.029494052124422042
177,Villarreal,Alavés,2027-01-17 16:00:00+00:00,False,1.7084889552310294,1.0592297324154292,0.5257207095547478,0.23479792914211908,0.23948136130313316
178,Alavés,Barcelona,2027-01-24 16:00:00+00:00,False,1.4530365890239714,2.2543780199395593,0.2431807237523934,0.5564865454927372,0.20033273075486932
179,Athletic Club,Levante,2027-01-24 16:00:00+00:00,False,0.18442604115629194,0.8918174997698921,0.07468995240680032,0.5260235970113714,0.39928645058182793
180,Deportivo La Coruña,Atlético Madrid,2027-01-24 16:00:00+00:00,False,0.7970237876012178,0.871151619640124,0.3070836089798654,0.3488201983781752,0.3440961926419595
181,Elche,Rayo Vallecano,2027-01-24 16:00:00+00:00,False,2.249459729903981,0.7085250470445883,0.7240038547776326,0.10188351739983853,0.17411262782252895
182,Espanyol,Villarreal,2027-01-24 16:00:00+00:00,False,3.4436095646638174,0.9213490541847198,0.8397069061533473,0.06140823805181647,0.09888485579483612
183,Getafe,Osasuna,2027-01-24 16:00:00+00:00,False,0.9680941094945889,1.9902144845444782,0.17698497810708502,0.6112711393893798,0.2117438825035352
184,Racing Santander,Celta Vigo,2027-01-24 16:00:00+00:00,False,1.8292984834699648,0.23160424317190853,0.7722894614992368,0.04043090303094163,0.18727963546982157
185,Real Madrid,Real Betis,2027-01-24 16:00:00+00:00,False,9.794766755960087,0.5191480166410891,0.9992748775909731,0.0001401940760629554,0.0005849283329639544
186,Real Sociedad,Málaga,2027-01-24 16:00:00+00:00,False,3.0672962061613407,0.20894078740444122,0.922066122414272,0.011791652641585682,0.06614222494414229
187,Valencia,Sevilla,2027-01-24 16:00:00+00:00,False,2.3212061347113777,0.6926603472072561,0.739949575061893,0.09399408474612274,0.1660563401919843
188,Atlético Madrid,Espanyol,2027-01-31 16:00:00+00:00,False,0.29990775109901047,5.13272002678116,0.0029645766372965454,0.9828564537684257,0.014178969594277599
189,Barcelona,Valencia,2027-01-31 16:00:00+00:00,False,3.3429882410405574,0.4186985873669164,0.9089566100414522,0.021943927573541726,0.06909946238500606
190,Celta Vigo,Getafe,2027-01-31 16:00:00+00:00,False,0.469028558788409,0.6803414991336213,0.21896477108016044,0.3547394323302781,0.4262957965895613
191,Levante,Real Sociedad,2027-01-31 16:00:00+00:00,False,0.8054744757382939,0.37352315936585584,0.43275492196253784,0.15991883552157177,0.40732624251589056
192,Málaga,Alavés,2027-01-31 16:00:00+00:00,False,0.331280686777963,3.3220842136440893,0.016496232278525147,0.9202199597731706,0.0632838079483044
193,Osasuna,Deportivo La Coruña,2027-01-31 16:00:00+00:00,False,4.986063517035258,0.3253033202477442,0.9793753624419567,0.003790481715434476,0.01683415584260883
194,Rayo Vallecano,Real Madrid,2027-01-31 16:00:00+00:00,False,0.23462994824189398,7.478797532392059,0.00025081970153129074,0.9980995078366165,0.0016496724618519846
195,Real Betis,Elche,2027-01-31 16:00:00+00:00,False,2.941077693943749,1.5703519923470677,0.6563352831326255,0.1828301237824809,0.16083459308489328
196,Sevilla,Athletic Club,2027-01-31 16:00:00+00:00,False,1.1480230448198177,1.0434015637409817,0.38062865660193923,0.32790202086176623,0.2914693225362943
197,Villarreal,Racing Santander,2027-01-31 16:00:00+00:00,False,1.8565498875649598,1.215730285556606,0.5237940237894188,0.24928654945856735,0.2269194267520141
198,Alavés,Celta Vigo,2027-02-07 16:00:00+00:00,False,1.5938135013776638,0.21313367019877733,0.7294165362280229,0.045748284836246746,0.22483517893573032
199,Athletic Club,Osasuna,2027-02-07 16:00:00+00:00,False,0.40235796494057674,1.622815990686506,0.08749402916924598,0.6792346704306833,0.2332713004000705
200,Barcelona,Atlético Madrid,2027-02-07 16:00:00+00:00,False,7.819742291405007,0.3682860336447157,0.99773340693008,0.0003900220179418243,0.0018765710519781827
201,Deportivo La Coruña,Málaga,2027-02-07 16:00:00+00:00,False,1.224436648973718,0.7107812493850102,0.48446771800239796,0.21533854104439534,0.30019374095320683
202,Elche,Levante,2027-02-07 16:00:00+00:00,False,0.5957802843687879,1.245052331221266,0.17782332801507816,0.5220687163550476,0.3001079556298742
203,Espanyol,Rayo Vallecano,2027-02-07 16:00:00+00:00,False,6.801583905818165,0.28614260493991284,0.9959258529633892,0.0006286419737822162,0.003445505062828568
204,Getafe,Villarreal,2027-02-07 16:00:00+00:00,False,0.8482486154118283,2.004083737717184,0.15038720227922953,0.6433343342071111,0.20627846351365933
205,Real Betis,Sevilla,2027-02-07 16:00:00+00:00,False,8.086183446294688,1.498853510469274,0.9822195785271508,0.0065822378028849386,0.011198183669964284
206,Real Sociedad,Real Madrid,2027-02-07 16:00:00+00:00,False,0.34862593036821066,2.636914235313164,0.031655716379925036,0.8595692348102615,0.10877504880981334
207,Valencia,Racing Santander,2027-02-07 16:00:00+00:00,False,0.5016081658514515,1.061048124160686,0.17277046749574076,0.4903574699388492,0.33687206256540986
208,Celta Vigo,Rayo Vallecano,2027-02-14 16:00:00+00:00,False,0.7152510096820363,0.5279135443881857,0.35458739186321386,0.23729531988477723,0.4081172882520088
209,Elche,Deportivo La Coruña,2027-02-14 16:00:00+00:00,False,2.6980822627944754,0.420254189603758,0.851752022201808,0.037724316168532425,0.11052366162965965
210,Levante,Málaga,2027-02-14 16:00:00+00:00,False,3.627537195226692,0.15695201763196248,0.9573450682547898,0.005036606853021722,0.03761832489218852
211,Osasuna,Atlético Madrid,2027-02-14 16:00:00+00:00,False,4.296750397262619,0.41967688319031493,0.9561166299596611,0.00989517999958207,0.03398819004075682
212,Racing Santander,Getafe,2027-02-14 16:00:00+00:00,False,2.156730925837292,0.5425094982294095,0.748295430906287,0.0795139182242901,0.1721906508694228
213,Real Madrid,Athletic Club,2027-02-14 16:00:00+00:00,False,5.477264924225091,0.09175312409711947,0.9935491263094052,0.0004650762430441048,0.00598579744755074
214,Real Sociedad,Real Betis,2027-02-14 16:00:00+00:00,False,1.8470215058329857,1.0142082500770848,0.5687945199331057,0.20491676275813916,0.226288717308755
215,Sevilla,Espanyol,2027-02-14 16:00:00+00:00,False,0.6472760540068188,10.191713436112176,0.000165746417379542,0.9992301830946702,0.0006040704879502609
216,Valencia,Alavés,2027-02-14 16:00:00+00:00,False,0.46160462315123957,0.9244597539330499,0.17763122667091735,0.45366455459408006,0.3687042187350024
217,Villarreal,Barcelona,2027-02-14 16:00:00+00:00,False,2.1225859692588296,2.796502649196751,0.2946274220094842,0.5277220792937977,0.17765049869671817
218,Alavés,Racing Santander,2027-02-21 16:00:00+00:00,False,1.2709190369906171,0.980051148787891,0.430521343278947,0.2860720968468711,0.28340655987418156
219,Athletic Club,Celta Vigo,2027-02-21 16:00:00+00:00,False,0.3872966635075342,0.27922025248571686,0.25538233533149546,0.1740744386293245,0.57054322603918
220,Atlético Madrid,Elche,2027-02-21 16:00:00+00:00,False,0.742609278688451,1.6975232776646967,0.16061790928552755,0.6024989221043976,0.23688316861007458
221,Barcelona,Levante,2027-02-21 16:00:00+00:00,False,2.0037385882634315,0.8457348985928628,0.6438819766963618,0.1499046721953493,0.20621335110828884
222,Deportivo La Coruña,Real Sociedad,2027-02-21 16:00:00+00:00,False,0.2718793536299567,1.6915568330625455,0.05423467407903326,0.7330186050163242,0.2127467209046425
223,Espanyol,Osasuna,2027-02-21 16:00:00+00:00,False,3.9301427369047026,0.914972861886749,0.8825556076640416,0.0430494323307001,0.07439496000525819
224,Málaga,Real Betis,2027-02-21 16:00:00+00:00,False,0.7761065001759893,4.5675912293659895,0.020651036697999503,0.9351930318732499,0.04415593142875041
225,Rayo Vallecano,Getafe,2027-02-21 16:00:00+00:00,False,0.8525030938415176,1.2232002081311102,0.2577109934038514,0.44765601132614624,0.29463299527000264
226,Sevilla,Real Madrid,2027-02-21 16:00:00+00:00,False,0.3874973092898746,15.349374692156736,5.689681480403053e-07,0.9999958552558696,3.575775982202967e-06
227,Villarreal,Valencia,2027-02-21 16:00:00+00:00,False,1.8496881548877908,0.4180583245887361,0.723874487212868,0.07563584623756749,0.20048966654956443
228,Athletic Club,Barcelona,2027-02-28 16:00:00+00:00,False,0.35308787533605157,2.9533953942551925,0.02453237178288392,0.8894141821626782,0.08605344605443783
229,Celta Vigo,Espanyol,2027-02-28 16:00:00+00:00,False,0.21562922291738407,2.761962060517841,0.01612999066031695,0.8978066072827245,0.08606340205695846
230,Getafe,Alavés,2027-02-28 16:00:00+00:00,False,0.6838087689914613,1.3719147495297026,0.18617324901667376,0.5344690566691768,0.27935769431414975
231,Levante,Deportivo La Coruña,2027-02-28 16:00:00+00:00,False,2.7400880475519416,0.14910703591303157,0.908375630276273,0.010849286886842172,0.08077508283688482
232,Málaga,Atlético Madrid,2027-02-28 16:00:00+00:00,False,0.8389576709018794,1.1532968459717428,0.26598609061169665,0.43009357314158203,0.3039203362467215
233,Osasuna,Sevilla,2027-02-28 16:00:00+00:00,False,8.531782081802774,0.9057678433246867,0.9950308325091108,0.001378455002777379,0.003590712488111769
234,Racing Santander,Rayo Vallecano,2027-02-28 16:00:00+00:00,False,3.288933996476545,0.4209622850278228,0.9048053724218443,0.023120260103189613,0.07207436747496604
235,Real Betis,Villarreal,2027-02-28 16:00:00+00:00,False,1.9947502282295175,2.9222381815472116,0.25573283484178233,0.5730762404273634,0.17119092473085415
236,Real Madrid,Valencia,2027-02-28 16:00:00+00:00,False,4.526424026503611,0.14902575103001492,0.9811991563939778,0.0020485015826897323,0.016752342023332416
237,Real Sociedad,Elche,2027-02-28 16:00:00+00:00,False,1.441960011714177,0.5790561570217532,0.582747007423694,0.14872423834589824,0.2685287542304077
238,Alavés,Athletic Club,2027-03-07 16:00:00+00:00,False,1.5322099869043602,0.20749513730109007,0.7169815465756084,0.04703085647754549,0.23598759694684607
239,Atlético Madrid,Celta Vigo,2027-03-07 16:00:00+00:00,False,0.5533092980173827,0.5397541561503129,0.2829295969597807,0.27405130339832845,0.44301909964189085
240,Barcelona,Real Betis,2027-03-07 16:00:00+00:00,False,7.23392017565843,1.4585837662256178,0.9712787639219804,0.010937685602735288,0.017783550475284213
241,Deportivo La Coruña,Getafe,2027-03-07 16:00:00+00:00,False,0.5056532557761747,1.46714997451674,0.12652015512890813,0.6104571409936163,0.2630227038774756
242,Elche,Málaga,2027-03-07 16:00:00+00:00,False,3.571926738928204,0.4423650605935653,0.9204356839774861,0.019521906680057502,0.06004240934245648
243,Espanyol,Racing Santander,2027-03-07 16:00:00+00:00,False,3.0166148169222122,0.7239065872390597,0.8288608597555653,0.05935469744697402,0.11178444279746053
244,Rayo Vallecano,Osasuna,2027-03-07 16:00:00+00:00,False,0.7511962643693398,3.0350026515047044,0.06159139306204964,0.825907663955094,0.11250094298285646
245,Sevilla,Real Sociedad,2027-03-07 16:00:00+00:00,False,0.7570152545457255,2.8944665926067903,0.06901863304611022,0.8082923035676906,0.12268906338619931
246,Valencia,Levante,2027-03-07 16:00:00+00:00,False,0.2995454330657684,0.7369999833969918,0.13733539439618092,0.42525735058687897,0.4374072550169399
247,Villarreal,Real Madrid,2027-03-07 16:00:00+00:00,False,0.7554837244229102,3.786479601126303,0.03554613839736476,0.8932170924268452,0.07123676917579005
248,Alavés,Sevilla,2027-03-14 16:00:00+00:00,False,5.8812141951009265,0.6397849009320583,0.9796667633285544,0.00533404175494632,0.014999194916499245
249,Athletic Club,Valencia,2027-03-14 16:00:00+00:00,False,0.30769187684381216,0.4415127340305078,0.18154189054190628,0.27927934859182973,0.5391787608662639
250,Barcelona,Deportivo La Coruña,2027-03-14 16:00:00+00:00,False,9.074237073820218,0.2854688317230221,0.9994152935928233,8.193217407348757e-05,0.0005027742331031427
251,Elche,Villarreal,2027-03-14 16:00:00+00:00,False,1.1388907566952429,2.281376036601739,0.17806172241676255,0.6302569587050788,0.1916813188781586
252,Getafe,Real Sociedad,2027-03-14 16:00:00+00:00,False,0.5907225403772937,0.9248055715973897,0.22444842650685293,0.4184195135159795,0.35713205997716746
253,Málaga,Rayo Vallecano,2027-03-14 16:00:00+00:00,False,0.8116723766794574,1.5071542699624672,0.20203470245302824,0.537000558732692,0.26096473881427995
254,Osasuna,Celta Vigo,2027-03-14 16:00:00+00:00,False,2.312119406247189,0.30174145172007183,0.8306352098620785,0.03537364489274099,0.13399114524518052
255,Racing Santander,Atlético Madrid,2027-03-14 16:00:00+00:00,False,3.3994952701509216,0.32212659664079124,0.9262249877380319,0.014886389567911506,0.05888862269405668
256,Real Betis,Levante,2027-03-14 16:00:00+00:00,False,1.0435003104843887,1.5948004195479746,0.24824338975544558,0.5016521844266932,0.2501044258178611
257,Real Madrid,Espanyol,2027-03-14 16:00:00+00:00,False,3.088180540364336,0.8962240235802625,0.8054532707948865,0.0757496577783771,0.11879707142673644
258,Atlético Madrid,Getafe,2027-03-21 16:00:00+00:00,False,0.6523480368954263,1.2643194805502649,0.19202294451615953,0.5121286827962159,0.2958483726876244
259,Celta Vigo,Real Madrid,2027-03-21 16:00:00+00:00,False,0.1290882663857555,4.159692167383169,0.0024333993362781747,0.9754267305664486,0.02213987009727312
260,Espanyol,Athletic Club,2027-03-21 16:00:00+00:00,False,3.636807077873683,0.15326454838413847,0.9580885264524055,0.004856271962546998,0.03705520158504752
261,Levante,Osasuna,2027-03-21 16:00:00+00:00,False,1.3200361286576998,0.8038351248238088,0.4880333952068576,0.2276278762387993,0.2843387285543431
262,Racing Santander,Real Betis,2027-03-21 16:00:00+00:00,False,3.1448194205619613,1.2757709541139624,0.7425974374167252,0.12076313810885707,0.13663942447441768
263,Rayo Vallecano,Barcelona,2027-03-21 16:00:00+00:00,False,0.6592097486767075,5.523462243377575,0.007470191089661293,0.9726015861297325,0.01992822278060634
264,Real Sociedad,Alavés,2027-03-21 16:00:00+00:00,False,0.7884002425018588,0.7376503386001025,0.3330671239047561,0.3034993152240672,0.36343356087117656
265,Sevilla,Elche,2027-03-21 16:00:00+00:00,False,1.602736847636935,3.3706632558990544,0.14765202203345185,0.7144407313842184,0.13790724658233
266,Valencia,Deportivo La Coruña,2027-03-21 16:00:00+00:00,False,1.3565373696648964,0.24876651606818473,0.6590467927131236,0.06641632857763267,0.2745368787092438
267,Villarreal,Málaga,2027-03-21 16:00:00+00:00,False,6.646930592029002,0.3000287300797351,0.9951472210020638,0.0007770917590691796,0.004075687238867094
268,Athletic Club,Racing Santander,2027-04-04 15:00:00+00:00,False,0.3088333121718482,1.283936643882941,0.08834250547312539,0.6193038774412023,0.29235361708567215
269,Barcelona,Sevilla,2027-04-04 15:00:00+00:00,False,15.527161458722006,0.7948535165557465,0.9999823361589244,3.5771934534324464e-06,1.4086647622197676e-05
270,Deportivo La Coruña,Villarreal,2027-04-04 15:00:00+00:00,False,0.39040542642638304,3.6656586472652224,0.015239929228765603,0.9322508094119165,0.05250926135931759
271,Elche,Alavés,2027-04-04 15:00:00+00:00,False,0.9181075833214595,1.5617378530313815,0.22162845688330468,0.523963768493461,0.2544077746232341
272,Getafe,Espanyol,2027-04-04 15:00:00+00:00,False,0.5050896301657061,3.2563351720539067,0.03024600876393424,0.8893486509401225,0.08040534029594319
273,Levante,Rayo Vallecano,2027-04-04 15:00:00+00:00,False,2.284481019854225,0.25138611880245515,0.838893224368949,0.029472727496177412,0.13163404813487367
274,Málaga,Osasuna,2027-04-04 15:00:00+00:00,False,0.4690066814031638,4.819293708400992,0.007544626250135411,0.9676686165942121,0.024786757155652477
275,Real Betis,Celta Vigo,2027-04-04 15:00:00+00:00,False,2.1913618385225093,0.49931805097501414,0.764813466328531,0.07017922111592077,0.1650073125555482
276,Real Madrid,Atlético Madrid,2027-04-04 15:00:00+00:00,False,10.587973045895199,0.13108260790398307,0.9999289943922427,5.74140908214214e-06,6.526419867517358e-05
277,Real Sociedad,Valencia,2027-04-04 15:00:00+00:00,False,0.8535581019715478,0.29113690378030854,0.4767043740758592,0.1208189814500587,0.4024766444740821
278,Alavés,Real Betis,2027-04-11 15:00:00+00:00,False,2.7399878681245466,1.174027479200713,0.7028291213334044,0.13867566199778225,0.15849521666881325
279,Atlético Madrid,Levante,2027-04-11 15:00:00+00:00,False,0.263479273082681,1.72395160359295,0.05097336272438169,0.7422933046091742,0.206733332666444
280,Celta Vigo,Elche,2027-04-11 15:00:00+00:00,False,0.5339250523137217,0.9134522953312225,0.2058108469207236,0.42953180671835156,0.3646573463609244
281,Espanyol,Málaga,2027-04-11 15:00:00+00:00,False,10.800264213350763,0.17865210453834438,0.9999226838288072,7.622611985374355e-06,6.969355920745264e-05
282,Osasuna,Real Madrid,2027-04-11 15:00:00+00:00,False,0.7502554024497898,4.321455444748468,0.02352394602036989,0.9260769995223163,0.05039905445731394
283,Racing Santander,Barcelona,2027-04-11 15:00:00+00:00,False,1.667721867351708,2.4497467464644758,0.2585170790281256,0.5505327079664284,0.1909502130054457
284,Rayo Vallecano,Real Sociedad,2027-04-11 15:00:00+00:00,False,0.4583733763671556,1.4102939073759284,0.11946500347610978,0.6091119475313556,0.27142304899253467
285,Sevilla,Deportivo La Coruña,2027-04-11 15:00:00+00:00,False,2.575237966285586,1.15544464473263,0.679685092325142,0.15069251788608967,0.16962238978876834
286,Valencia,Getafe,2027-04-11 15:00:00+00:00,False,0.7416442019715322,0.540504405246663,0.3621219404710305,0.2375675850052573,0.40031047452371216
287,Villarreal,Athletic Club,2027-04-11 15:00:00+00:00,False,2.2382419305394348,0.25739281346147036,0.8312327489324731,0.03153166735913536,0.13723558370839156
288,Alavés,Rayo Vallecano,2027-04-18 15:00:00+00:00,False,2.86555062287099,0.3873902981848566,0.8752853601278368,0.029652130772996887,0.09506250909916633
289,Atlético Madrid,Sevilla,2027-04-18 15:00:00+00:00,False,2.0417260206218275,1.620234658363593,0.477742750735793,0.3094130940115943,0.21284415525261308
290,Barcelona,Espanyol,2027-04-18 15:00:00+00:00,False,2.280774220930142,2.518005982481324,0.36472170845314233,0.4486420112658087,0.18663628028104862
291,Deportivo La Coruña,Celta Vigo,2027-04-18 15:00:00+00:00,False,0.4288855521436472,0.6263450881074619,0.21071093710015598,0.3411926772071013,0.4480963856927426
292,Elche,Osasuna,2027-04-18 15:00:00+00:00,False,1.2997998615997803,2.2655877832277485,0.21124124955571022,0.5916213776635091,0.19713737278078025
293,Getafe,Real Madrid,2027-04-18 15:00:00+00:00,False,0.302376198575341,4.904249809654278,0.003668395900588761,0.9791667450674586,0.01716485903195262
294,Levante,Villarreal,2027-04-18 15:00:00+00:00,False,1.1566218691404428,0.8094368290330145,0.4384455564609707,0.256405852929705,0.30514859060932437
295,Málaga,Valencia,2027-04-18 15:00:00+00:00,False,0.35865959823745525,1.3111650079267607,0.10060359017818377,0.6116058170061114,0.2877905928157049
296,Real Betis,Athletic Club,2027-04-18 15:00:00+00:00,False,2.1066620975434174,0.4861084006452191,0.7537843133902038,0.07279542380852284,0.17342026280127326
297,Real Sociedad,Racing Santander,2027-04-18 15:00:00+00:00,False,0.8567245208647453,0.8466377305537263,0.3327675390297734,0.32713271819923534,0.3400997427709909
298,Athletic Club,Deportivo La Coruña,2027-04-21 15:00:00+00:00,False,0.8352015726206592,0.30102352426633816,0.4662586941176049,0.12678421905660486,0.40695708682579035
299,Celta Vigo,Barcelona,2027-04-21 15:00:00+00:00,False,0.3626827874229208,3.072138606654542,0.02292275822439349,0.8976015861760546,0.07947565559955201
300,Espanyol,Real Sociedad,2027-04-21 15:00:00+00:00,False,2.3981386507988995,0.42516623565170514,0.8136637077859312,0.049047004919434076,0.13728928729463474
301,Getafe,Real Betis,2027-04-21 15:00:00+00:00,False,1.601990250784875,1.8862693942716082,0.3312437008772874,0.4477025593357212,0.22105373978699136
302,Osasuna,Alavés,2027-04-21 15:00:00+00:00,False,1.6966653645212613,1.208883864850229,0.48806794951511623,0.2724897020132868,0.2394423484715971
303,Racing Santander,Málaga,2027-04-21 15:00:00+00:00,False,5.222512378599475,0.2628262861005386,0.9856122816811497,0.0022698827762222848,0.012117835542628021
304,Real Madrid,Elche,2027-04-21 15:00:00+00:00,False,7.646723084467946,0.2964044666554486,0.9979381049290597,0.00031324224441860567,0.001748652826521735
305,Sevilla,Levante,2027-04-21 15:00:00+00:00,False,0.5686542730842592,3.423140290113182,0.03112463545871691,0.8926871060636936,0.0761882584775895
306,Valencia,Rayo Vallecano,2027-04-21 15:00:00+00:00,False,1.1309796692449845,0.4194064255885595,0.5377372320762437,0.13687559749144093,0.3253871704323152
307,Villarreal,Atlético Madrid,2027-04-21 15:00:00+00:00,False,4.326693259975326,0.3677228604070192,0.9613915764889942,0.007990566447813721,0.030617857063192012
308,Atlético Madrid,Alavés,2027-05-02 15:00:00+00:00,False,0.40602605526217384,2.16244764064201,0.056493198165742387,0.7832567235395838,0.16025007829467383
309,Barcelona,Osasuna,2027-05-02 15:00:00+00:00,False,4.3715094440667785,1.5389607376758758,0.8359882883844203,0.07666481656078733,0.08734689505479239
310,Celta Vigo,Sevilla,2027-05-02 15:00:00+00:00,False,1.4679707130728445,0.871862605438605,0.5112499709754392,0.22356143319926544,0.2651885958252952
311,Deportivo La Coruña,Racing Santander,2027-05-02 15:00:00+00:00,False,0.34199660903765516,2.8801184841647434,0.02511418463902171,0.8849460855759705,0.08993972978500783
312,Elche,Espanyol,2027-05-02 15:00:00+00:00,False,0.6781524904924943,3.706893523885055,0.03212277336167013,0.8979414999045673,0.06993572673376264
313,Levante,Real Madrid,2027-05-02 15:00:00+00:00,False,0.41230238119515794,1.9807956823371644,0.06683274185588073,0.7505332124417698,0.18263404570234945
314,Málaga,Getafe,2027-05-02 15:00:00+00:00,False,0.5322572354166505,1.9423248491194627,0.09204668589944542,0.7114541242352307,0.1964991898653239
315,Rayo Vallecano,Villarreal,2027-05-02 15:00:00+00:00,False,0.6582017026077069,3.056152743859291,0.050619658672697354,0.8450690779824042,0.10431126334489892
316,Real Betis,Valencia,2027-05-02 15:00:00+00:00,False,1.7409502855832917,0.7895389960942752,0.6004667819217839,0.16659793124135294,0.23293528683686315
317,Real Sociedad,Athletic Club,2027-05-02 15:00:00+00:00,False,1.0328603386121966,0.17924902426041547,0.5809099037198131,0.06382651001737892,0.35526358626280796
318,Alavés,Levante,2027-05-09 15:00:00+00:00,False,0.7589549358325745,0.6807397929818055,0.3351789336858131,0.2886213485469981,0.3761997177671887
319,Athletic Club,Málaga,2027-05-09 15:00:00+00:00,False,1.1057034363914306,0.3168613016748768,0.5610728197904937,0.10567068782010444,0.33325649238940197
320,Getafe,Elche,2027-05-09 15:00:00+00:00,False,1.2506653947951565,1.0769542709514053,0.4024671478827777,0.3172033928430561,0.2803294592741662
321,Osasuna,Real Sociedad,2027-05-09 15:00:00+00:00,False,1.4656999438284208,0.8149067090436386,0.525239735974796,0.20876775406494444,0.26599250996025964
322,Racing Santander,Sevilla,2027-05-09 15:00:00+00:00,False,6.750160039904733,0.6952298885248299,0.9880564322249549,0.0031275597097545752,0.008816008065290502
323,Rayo Vallecano,Deportivo La Coruña,2027-05-09 15:00:00+00:00,False,1.5593087648723347,0.5629764554680905,0.6177271914953193,0.13193492348487013,0.25033788501981064
324,Real Betis,Espanyol,2027-05-09 15:00:00+00:00,False,1.187774004865597,4.748198287627591,0.037951758673272384,0.904446170060088,0.05760207126663978
325,Real Madrid,Barcelona,2027-05-09 15:00:00+00:00,False,5.194239961035736,0.9968726444185746,0.9423498058607038,0.02021022335927649,0.037439970780019705
326,Valencia,Atlético Madrid,2027-05-09 15:00:00+00:00,False,1.1689988428938047,0.3209360298754379,0.5803980778447121,0.10138554640470365,0.31821637575058437
327,Villarreal,Celta Vigo,2027-05-09 15:00:00+00:00,False,2.3282319256061803,0.2643872802485393,0.8415165070710964,0.030009807684740313,0.12847368524416333
328,Atlético Madrid,Rayo Vallecano,2027-05-16 15:00:00+00:00,False,0.9948063573332216,0.9810534548697734,0.3482336816294068,0.3409943061928846,0.31077201217770867
329,Deportivo La Coruña,Alavés,2027-05-16 15:00:00+00:00,False,0.3147221807401359,2.5093617947584708,0.0312968182052743,0.852348203637098,0.11635497815762788
330,Elche,Athletic Club,2027-05-16 15:00:00+00:00,False,1.202786171631083,0.3795022813080999,0.5727440673868883,0.11668397326196776,0.31057195935114396
331,Espanyol,Valencia,2027-05-16 15:00:00+00:00,False,3.005465531571816,0.24893282549208973,0.9113087943181112,0.015332422674916161,0.07335878300697261
332,Levante,Getafe,2027-05-16 15:00:00+00:00,False,1.4980570818040921,0.3239704886254713,0.672542584202352,0.07723281012686362,0.2502246056707843
333,Málaga,Celta Vigo,2027-05-16 15:00:00+00:00,False,0.45145054577709953,0.8292033192828587,0.187687931602889,0.4202941361936604,0.3920179322034506
334,Osasuna,Real Betis,2027-05-16 15:00:00+00:00,False,3.974855977375404,1.6621154020520958,0.7793327216970181,0.11056836788136869,0.11009891042161325
335,Real Madrid,Racing Santander,2027-05-16 15:00:00+00:00,False,4.543215565970039,0.43337282909804103,0.9627487068949153,0.008431007853124945,0.028820285251959708
336,Real Sociedad,Barcelona,2027-05-16 15:00:00+00:00,False,0.9794896758161443,1.9474917130319205,0.1845095959903461,0.5993885331457381,0.21610187086391547
337,Sevilla,Villarreal,2027-05-16 15:00:00+00:00,False,1.0870368025975652,6.272403201020366,0.011079487845122582,0.9677580367415913,0.021162475413285975
338,Alavés,Real Madrid,2027-05-23 15:00:00+00:00,False,0.5171736315499652,3.0524399425047988,0.036782067440703115,0.8696355156831448,0.09358241687615201
339,Atlético Madrid,Athletic Club,2027-05-23 15:00:00+00:00,False,0.5319229831699026,0.5254747531668306,0.2764101200963368,0.2721414577205655,0.4514484221830977
340,Barcelona,Málaga,2027-05-23 15:00:00+00:00,False,12.013165975814822,0.300488228711759,0.9999508548463858,6.4177297716732735e-06,4.272742384258089e-05
341,Celta Vigo,Real Sociedad,2027-05-23 15:00:00+00:00,False,0.25218700748132555,0.7844026389017001,0.11168569750110668,0.459947453677974,0.4283668488209194
342,Deportivo La Coruña,Espanyol,2027-05-23 15:00:00+00:00,False,0.2324669075382459,5.956144924078908,0.0009854779748169618,0.9929706808509722,0.006043841174210705
343,Racing Santander,Levante,2027-05-23 15:00:00+00:00,False,0.8710900691583446,0.7397340101332202,0.3621091156758395,0.28719354164141936,0.35069734268274116
344,Rayo Vallecano,Real Betis,2027-05-23 15:00:00+00:00,False,1.243070358700934,2.876490276562733,0.1375756444489351,0.7101350460535615,0.15228930949750355
345,Sevilla,Getafe,2027-05-23 15:00:00+00:00,False,1.4079304773332328,2.5104782201696136,0.20216212326382854,0.6150519066871247,0.18278597004904706
346,Valencia,Elche,2027-05-23 15:00:00+00:00,False,0.844260785225355,0.725701710446789,0.355932933493217,0.28763788591214023,0.35642918059464257
347,Villarreal,Osasuna,2027-05-23 15:00:00+00:00,False,2.41877286267497,1.5366073997207341,0.5712262766572017,0.23759722671980532,0.19117649662299288
348,Athletic Club,Rayo Vallecano,2027-05-30 15:00:00+00:00,False,0.696328770204647,0.5075088172075841,0.35185205606567393,0.23233130670858315,0.4158166372257428
349,Elche,Racing Santander,2027-05-30 15:00:00+00:00,False,0.9976725488152196,1.7924836774556776,0.20842176883923524,0.5603154034487107,0.23126282771205436
350,Espanyol,Alavés,2027-05-30 15:00:00+00:00,False,2.776038032383626,0.6307183343252275,0.818631802651725,0.0592513808869484,0.12211681646132659
351,Getafe,Barcelona,2027-05-30 15:00:00+00:00,False,0.8495477212617727,3.6220312875688925,0.04789415252646634,0.8671856837336875,0.08492016373984618
352,Levante,Celta Vigo,2027-05-30 15:00:00+00:00,False,1.2706237551778896,0.13830714498643984,0.6712650872289814,0.039455479190077414,0.2892794335809412
353,Málaga,Sevilla,2027-05-30 15:00:00+00:00,False,1.665864516717506,2.489103495403332,0.25284976116735725,0.5583766925260997,0.18877354630654314
354,Osasuna,Valencia,2027-05-30 15:00:00+00:00,False,1.8368873957039877,0.4771240342821415,0.705040697693973,0.08851043542235866,0.2064488668836684
355,Real Betis,Atlético Madrid,2027-05-30 15:00:00+00:00,False,4.072339354436911,0.694476155527548,0.9188422879127686,0.025172301543243184,0.055985410543988215
356,Real Madrid,Deportivo La Coruña,2027-05-30 15:00:00+00:00,False,12.286565716529342,0.10160580505112497,0.9999879803058506,7.818504951897736e-07,1.1237843654224925e-05
357,Real Sociedad,Villarreal,2027-05-30 15:00:00+00:00,False,0.9779918661746532,1.077554598940503,0.3227653427959871,0.37430330160310993,0.302931355600903
